{
  "Clear Sky & Labor Guitar": 1614286537.29205,
  "Clear Sky": 1618683237.2407055,
  "Dark Theme": 1631233890.3784204,
  "Don't_Leave": 1631578648.1297722,
  "Footprint": 1629245174.9776971,
  "Forest_Theme_(Human_Fall_Flat)": 1668370619.2284822,
  "Human_Fall_Flat_Medley": 1630796013.6045878,
  "Labor (MAJOR KEY)": 1620421818.0290885,
  "Labor": 1614282565.385706,
  "Sail Away": 1649170735.335456,
  "Steam": 1669161894.3108337,
  "Test of Time": 1622505726.9998097,
  "Tomorrow": 1623513122.1789007,
  "Unknown": 1618683461.8287406,
  "Cousin's Harbor": 1669135978.7978911,
  "Title Screen": 1613337912.095266,
  "Traps and Thorns": 1615510826.3076725,
  "Trickery Trail": 1613503939.9688857,
  "Big Disc Energy": 1650206426.6140897,
  "Blind John the Harper": 1669147218.7205038,
  "Disc_Golf_Valley_Theme": 1623805630.2760432,
  "Dolphin Coast": 1627494831.2905385,
  "Marble Machine FLIPPED": 1668300771.327674,
  "Marble Machine Piano Version": 1643930773.2164266,
  "Marble_Machine__Molin_Martin": 1654725820.068012
}